Year,Dist Name,Crops,Area,Production,Irrigation,Precipitation,Temperature (MIN),Temperature (MAX)
1990,Bareilly,Rice,141.1,309.07,106.2,154.6,24.368000000000002,32.808
1991,Bareilly,Rice,119.94,217.84,112.46,97.97999999999999,24.278,33.588
1992,Bareilly,Rice,140.5,248.8,136.48,99.55999999999999,24.176,32.99
1993,Bareilly,Rice,146.19,282.93,142.46,151.16,24.846,33.30200000000001
1994,Bareilly,Rice,136.65,248.48,133.33,110.74000000000001,24.596,32.995999999999995
1995,Bareilly,Rice,138.82,299.28,137.67,123.16,25.360000000000003,33.748000000000005
1996,Bareilly,Rice,139.63,336.13,136.7,134.56,25.053999999999995,33.068
1997,Bareilly,Rice,163.2,377.19,161.66,145.60000000000002,24.116,32.64200000000001
1998,Bareilly,Rice,173.15,362.08,169.67,200.96,25.252,33.072
1999,Bareilly,Rice,181.92,386.3,180.24,189.07999999999998,24.954,33.41
2000,Bareilly,Rice,179.88,348.36,177.49,37.88,24.966,33.52400000000001
2001,Bareilly,Rice,175.94,364.01,174.96,101.43,25.416,33.542
2002,Bareilly,Rice,123.04,229.95,122.58,109.38,25.618000000000002,33.428000000000004
2003,Bareilly,Rice,160.14,339.27,159.11,116.42,25.162,33.636
2004,Bareilly,Rice,173.31,332.57,187.48,138.48,24.792,33.434
2005,Bareilly,Rice,177.12,333.84,176.86,151.6,25.36,33.773999999999994
2006,Bareilly,Rice,158.73,283.61,158.16,104.8,25.392000000000003,33.122
2007,Bareilly,Rice,152.82,293.46,152.58,177.3,25.484,33.838
2008,Bareilly,Rice,176.56,310.03,176.22,267.1,25.056,32.814
2009,Bareilly,Rice,163.08,290.13,163.05,171.32,25.357999999999997,33.972
2010,Bareilly,Rice,165.69,273.45,164.8,143.42000000000002,25.998,33.49400000000001
2011,Bareilly,Rice,162.32,407.37,162.27,168.44,25.332,32.844
2012,Bareilly,Rice,83.83,191.38,158.82,115.35999999999999,25.846000000000004,33.70399999999999
2013,Bareilly,Rice,162.92,366.56,160.4,236.16,25.470000000000002,32.763999999999996
2014,Bareilly,Rice,163.95,337.57,168.86,88.78,25.857999999999997,33.948
2015,Bareilly,Rice,158.63,327.41,130.55,133.96,25.12,33.33200000000001
2016,Bareilly,Rice,160.28,358.38,167.7,224.76,25.65,33.338
2017,Bareilly,Rice,145.23,357.42,154.76,173.5,25.85,33.652
1990,Bareilly,Maize,3.27,2.68,0.05,154.6,24.368000000000002,32.808
1991,Bareilly,Maize,2.48,2.28,0.11,97.97999999999999,24.278,33.588
1992,Bareilly,Maize,1.5,1.97,0.12,99.55999999999999,24.176,32.99
1993,Bareilly,Maize,1.37,1.43,0.11,151.16,24.846,33.30200000000001
1994,Bareilly,Maize,1.33,1.49,0.08,110.74000000000001,24.596,32.995999999999995
1995,Bareilly,Maize,1.3,1.25,0.18,123.16,25.360000000000003,33.748000000000005
1996,Bareilly,Maize,1.39,1.35,0.24,134.56,25.053999999999995,33.068
1997,Bareilly,Maize,0.53,0.7,0.05,145.60000000000002,24.116,32.64200000000001
1998,Bareilly,Maize,0.76,0.2,0.07,200.96,25.252,33.072
1999,Bareilly,Maize,0.3,0.44,0.06,189.07999999999998,24.954,33.41
2000,Bareilly,Maize,0.3,0.54,0.07,37.88,24.966,33.52400000000001
2001,Bareilly,Maize,0.42,0.65,0.17,101.43,25.416,33.542
2002,Bareilly,Maize,0.46,0.49,0.26,109.38,25.618000000000002,33.428000000000004
2003,Bareilly,Maize,0.52,0.92,0.05,116.42,25.162,33.636
2004,Bareilly,Maize,0.63,0.99,0.3,138.48,24.792,33.434
2005,Bareilly,Maize,0.38,0.55,0.18,151.6,25.36,33.773999999999994
2006,Bareilly,Maize,0.35,0.54,0.19,104.8,25.392000000000003,33.122
2007,Bareilly,Maize,0.26,0.43,0.12,177.3,25.484,33.838
2008,Bareilly,Maize,0.23,0.42,0.08,267.1,25.056,32.814
2009,Bareilly,Maize,0.26,0.44,0.15,171.32,25.357999999999997,33.972
2010,Bareilly,Maize,0.28,0.47,0.15,143.42000000000002,25.998,33.49400000000001
2011,Bareilly,Maize,0.23,0.42,0.12,168.44,25.332,32.844
2012,Bareilly,Maize,0.33,0.68,0.09,115.35999999999999,25.846000000000004,33.70399999999999
2013,Bareilly,Maize,0.46,0.94,0.14,236.16,25.470000000000002,32.763999999999996
2014,Bareilly,Maize,0.47,0.84,0.2,88.78,25.857999999999997,33.948
2015,Bareilly,Maize,0.69,1.25,0.22,133.96,25.12,33.33200000000001
2016,Bareilly,Maize,0.95,1.87,0.22,224.76,25.65,33.338
2017,Bareilly,Maize,0.26,0.58,0.14,173.5,25.85,33.652
1990,Bareilly,Sugarcane,64.16,357.98,54.43,154.6,24.368000000000002,32.808
1991,Bareilly,Sugarcane,71.09,418.07,64.06,97.97999999999999,24.278,33.588
1992,Bareilly,Sugarcane,62.43,374.48,55.35,99.55999999999999,24.176,32.99
1993,Bareilly,Sugarcane,58.19,363.08,51.95,151.16,24.846,33.30200000000001
1994,Bareilly,Sugarcane,70.21,436.66,65.71,110.74000000000001,24.596,32.995999999999995
1995,Bareilly,Sugarcane,82.43,526.52,78.19,123.16,25.360000000000003,33.748000000000005
1996,Bareilly,Sugarcane,85.9,516.02,83.15,134.56,25.053999999999995,33.068
1997,Bareilly,Sugarcane,69.86,439.88,68.21,145.60000000000002,24.116,32.64200000000001
1998,Bareilly,Sugarcane,62.8,365.38,61.08,200.96,25.252,33.072
1999,Bareilly,Sugarcane,65.65,378.48,63.85,189.07999999999998,24.954,33.41
2000,Bareilly,Sugarcane,70.55,392.14,67.86,37.88,24.966,33.52400000000001
2001,Bareilly,Sugarcane,78.26,472.52,76.97,101.43,25.416,33.542
2002,Bareilly,Sugarcane,90.38,496.81,89.19,109.38,25.618000000000002,33.428000000000004
2003,Bareilly,Sugarcane,83.38,440.38,81.93,116.42,25.162,33.636
2004,Bareilly,Sugarcane,67.56,422.8,63.1,138.48,24.792,33.434
2005,Bareilly,Sugarcane,72.23,408.58,71.18,151.6,25.36,33.773999999999994
2006,Bareilly,Sugarcane,91.75,505.55,90.82,104.8,25.392000000000003,33.122
2007,Bareilly,Sugarcane,97.51,546.01,96.58,177.3,25.484,33.838
2008,Bareilly,Sugarcane,75.94,383.52,75.22,267.1,25.056,32.814
2009,Bareilly,Sugarcane,62.68,374.29,62.39,171.32,25.357999999999997,33.972
2010,Bareilly,Sugarcane,71.9,409.11,71.71,143.42000000000002,25.998,33.49400000000001
2011,Bareilly,Sugarcane,82.73,476.83,82.64,168.44,25.332,32.844
2012,Bareilly,Sugarcane,96.52,604.7,92.26,115.35999999999999,25.846000000000004,33.70399999999999
2013,Bareilly,Sugarcane,94.01,578.71,89.91,236.16,25.470000000000002,32.763999999999996
2014,Bareilly,Sugarcane,99.21,612.01,87.65,88.78,25.857999999999997,33.948
2015,Bareilly,Sugarcane,84.85,530.98,78.27,133.96,25.12,33.33200000000001
2016,Bareilly,Sugarcane,94.89,656.18,79.02,224.76,25.65,33.338
2017,Bareilly,Sugarcane,96.96,776.6,85.64,173.5,25.85,33.652
1990,Bareilly,Pearl Millet,9.86,6.34,0.01,154.6,24.368000000000002,32.808
1991,Bareilly,Pearl Millet,12.94,12.16,0.05,97.97999999999999,24.278,33.588
1992,Bareilly,Pearl Millet,15.97,15.6,0.03,99.55999999999999,24.176,32.99
1993,Bareilly,Pearl Millet,14.81,15.17,0.04,151.16,24.846,33.30200000000001
1994,Bareilly,Pearl Millet,11.12,10.98,0.25,110.74000000000001,24.596,32.995999999999995
1995,Bareilly,Pearl Millet,11.8,15.88,0.11,123.16,25.360000000000003,33.748000000000005
1996,Bareilly,Pearl Millet,10.6,16.84,0.06,134.56,25.053999999999995,33.068
1997,Bareilly,Pearl Millet,13.34,14.72,0.04,145.60000000000002,24.116,32.64200000000001
1998,Bareilly,Pearl Millet,9.5,5.87,0.05,200.96,25.252,33.072
1999,Bareilly,Pearl Millet,9.47,9.31,0.03,189.07999999999998,24.954,33.41
2000,Bareilly,Pearl Millet,7.78,11.2,0.03,37.88,24.966,33.52400000000001
2001,Bareilly,Pearl Millet,6.56,6.59,0.04,101.43,25.416,33.542
2002,Bareilly,Pearl Millet,10.23,11.01,0.17,109.38,25.618000000000002,33.428000000000004
2003,Bareilly,Pearl Millet,11.63,13.44,0.05,116.42,25.162,33.636
2004,Bareilly,Pearl Millet,6.58,7.91,0.03,138.48,24.792,33.434
2005,Bareilly,Pearl Millet,9.41,8.97,0.08,151.6,25.36,33.773999999999994
2006,Bareilly,Pearl Millet,9.81,12.84,0.03,104.8,25.392000000000003,33.122
2007,Bareilly,Pearl Millet,11.19,12.77,0.05,177.3,25.484,33.838
2008,Bareilly,Pearl Millet,8.54,10.7,0.13,267.1,25.056,32.814
2009,Bareilly,Pearl Millet,10.18,14.2,0.02,171.32,25.357999999999997,33.972
2010,Bareilly,Pearl Millet,10.08,12.97,1.01,143.42000000000002,25.998,33.49400000000001
2011,Bareilly,Pearl Millet,8.23,12.38,0.79,168.44,25.332,32.844
2012,Bareilly,Pearl Millet,8.37,12.01,0.07,115.35999999999999,25.846000000000004,33.70399999999999
2013,Bareilly,Pearl Millet,7.46,9.28,0.13,236.16,25.470000000000002,32.763999999999996
2014,Bareilly,Pearl Millet,7.98,8.61,0.08,88.78,25.857999999999997,33.948
2015,Bareilly,Pearl Millet,8.6,18.04,0.26,133.96,25.12,33.33200000000001
2016,Bareilly,Pearl Millet,6.69,9.84,0.26,224.76,25.65,33.338
2017,Bareilly,Pearl Millet,7.21,11.59,0.22,173.5,25.85,33.652
1990,Allahabad,Rice,190.54,328.22,116.6,150.94,25.088,33.272000000000006
1991,Allahabad,Rice,189.01,271.22,128.58,117.16,25.192,33.908
1992,Allahabad,Rice,189.41,367.81,135.72,110.92,25.369999999999997,34.126
1993,Allahabad,Rice,152.82,269.35,125.48,73.46000000000001,25.672000000000004,34.31
1994,Allahabad,Rice,169.12,315.68,128.92,129.7,25.094,33.836
1995,Allahabad,Rice,156.11,232.49,126.28,115.46,26.184000000000005,34.751999999999995
1996,Allahabad,Rice,162.15,320.41,136.8,120.31,25.7,33.788000000000004
1997,Allahabad,Rice,172.95,308.08,146.34,133.02,25.618000000000002,33.936
1998,Allahabad,Rice,218.1,381.94,190.61,246.04000000000002,26.284000000000002,34.622
1999,Allahabad,Rice,230.31,481.46,197.24,215.58,25.74,33.784000000000006
2000,Allahabad,Rice,241.57,452.4,213.88,59.080000000000005,25.796000000000003,34.05
2001,Allahabad,Rice,231.6,472.23,196.65,134.43,25.732,34.068000000000005
2002,Allahabad,Rice,189.59,352.61,174.36,121.06,26.189999999999998,34.728
2003,Allahabad,Rice,216.54,486.06,196.16,120.32,26.172000000000004,34.55200000000001
2004,Allahabad,Rice,211.26,381.63,190.51,135.54000000000002,25.734,34.11
2005,Allahabad,Rice,211.59,413.04,195.38,147.0,26.05,34.608000000000004
2006,Allahabad,Rice,214.46,428.29,197.97,137.4,25.798000000000002,34.084
2007,Allahabad,Rice,215.33,439.5,200.53,175.95999999999998,25.834000000000003,34.244
2008,Allahabad,Rice,217.82,520.7,202.07,236.64000000000001,25.184,33.374
2009,Allahabad,Rice,166.34,359.95,159.16,90.4,25.612000000000002,35.35
2010,Allahabad,Rice,189.33,427.16,179.54,126.92,26.778000000000002,34.971999999999994
2011,Allahabad,Rice,191.54,483.78,181.87,79.78,25.708000000000006,33.848
2012,Allahabad,Rice,195.08,527.66,187.13,204.16000000000003,25.862000000000002,34.986000000000004
2013,Allahabad,Rice,210.42,533.42,187.48,232.42,25.595999999999997,33.708
2014,Allahabad,Rice,192.64,407.27,192.67,116.72,25.988,34.942
2015,Allahabad,Rice,192.54,366.11,211.94,86.53999999999999,25.988,35.233999999999995
2016,Allahabad,Rice,211.76,565.56,289.32,174.33999999999997,25.767,34.861
2017,Allahabad,Rice,215.88,575.93,203.49,137.2,25.453,35.125
1990,Allahabad,Maize,0.36,0.64,0.01,150.94,25.088,33.272000000000006
1991,Allahabad,Maize,0.3,0.43,0.01,117.16,25.192,33.908
1992,Allahabad,Maize,0.26,0.47,0.01,110.92,25.369999999999997,34.126
1993,Allahabad,Maize,0.3,0.35,0.03,73.46000000000001,25.672000000000004,34.31
1994,Allahabad,Maize,0.24,0.41,0.03,129.7,25.094,33.836
1995,Allahabad,Maize,0.34,0.66,0.02,115.46,26.184000000000005,34.751999999999995
1996,Allahabad,Maize,0.36,0.73,0.03,120.31,25.7,33.788000000000004
1997,Allahabad,Maize,0.36,0.75,0.03,133.02,25.618000000000002,33.936
1998,Allahabad,Maize,0.36,0.48,0.05,246.04000000000002,26.284000000000002,34.622
1999,Allahabad,Maize,0.41,0.82,0.03,215.58,25.74,33.784000000000006
2000,Allahabad,Maize,0.27,0.56,0.04,59.080000000000005,25.796000000000003,34.05
2001,Allahabad,Maize,0.38,0.71,0.05,134.43,25.732,34.068000000000005
2002,Allahabad,Maize,0.25,0.34,0.05,121.06,26.189999999999998,34.728
2003,Allahabad,Maize,0.33,0.39,0.01,120.32,26.172000000000004,34.55200000000001
2004,Allahabad,Maize,0.23,0.42,0.1,135.54000000000002,25.734,34.11
2005,Allahabad,Maize,0.35,0.46,0.07,147.0,26.05,34.608000000000004
2006,Allahabad,Maize,0.36,0.47,0.12,137.4,25.798000000000002,34.084
2007,Allahabad,Maize,0.35,0.5,0.11,175.95999999999998,25.834000000000003,34.244
2008,Allahabad,Maize,0.32,0.5,0.13,236.64000000000001,25.184,33.374
2009,Allahabad,Maize,0.35,0.56,0.13,90.4,25.612000000000002,35.35
2010,Allahabad,Maize,0.4,0.48,0.15,126.92,26.778000000000002,34.971999999999994
2011,Allahabad,Maize,0.39,0.52,0.13,79.78,25.708000000000006,33.848
2012,Allahabad,Maize,0.4,0.55,0.12,204.16000000000003,25.862000000000002,34.986000000000004
2013,Allahabad,Maize,0.83,1.39,0.11,232.42,25.595999999999997,33.708
2014,Allahabad,Maize,0.85,1.82,0.25,116.72,25.988,34.942
2015,Allahabad,Maize,0.57,0.75,0.44,86.53999999999999,25.988,35.233999999999995
2016,Allahabad,Maize,0.32,0.61,0.45,174.33999999999997,25.767,34.861
2017,Allahabad,Maize,0.56,1.36,0.44,137.2,25.453,35.125
1990,Allahabad,Sugarcane,5.78,15.74,5.76,150.94,25.088,33.272000000000006
1991,Allahabad,Sugarcane,5.95,34.09,5.94,117.16,25.192,33.908
1992,Allahabad,Sugarcane,5.4,24.96,5.39,110.92,25.369999999999997,34.126
1993,Allahabad,Sugarcane,4.87,26.86,4.86,73.46000000000001,25.672000000000004,34.31
1994,Allahabad,Sugarcane,5.13,21.38,5.13,129.7,25.094,33.836
1995,Allahabad,Sugarcane,5.16,22.54,5.16,115.46,26.184000000000005,34.751999999999995
1996,Allahabad,Sugarcane,5.16,19.11,5.16,120.31,25.7,33.788000000000004
1997,Allahabad,Sugarcane,4.64,16.78,4.63,133.02,25.618000000000002,33.936
1998,Allahabad,Sugarcane,4.14,17.17,4.14,246.04000000000002,26.284000000000002,34.622
1999,Allahabad,Sugarcane,4.79,18.39,4.79,215.58,25.74,33.784000000000006
2000,Allahabad,Sugarcane,3.91,16.77,3.91,59.080000000000005,25.796000000000003,34.05
2001,Allahabad,Sugarcane,3.76,15.27,3.75,134.43,25.732,34.068000000000005
2002,Allahabad,Sugarcane,3.27,13.95,3.27,121.06,26.189999999999998,34.728
2003,Allahabad,Sugarcane,3.22,14.46,3.22,120.32,26.172000000000004,34.55200000000001
2004,Allahabad,Sugarcane,2.54,16.42,2.41,135.54000000000002,25.734,34.11
2005,Allahabad,Sugarcane,2.33,8.19,2.33,147.0,26.05,34.608000000000004
2006,Allahabad,Sugarcane,2.17,8.66,2.17,137.4,25.798000000000002,34.084
2007,Allahabad,Sugarcane,2.28,10.29,2.28,175.95999999999998,25.834000000000003,34.244
2008,Allahabad,Sugarcane,2.16,11.93,2.16,236.64000000000001,25.184,33.374
2009,Allahabad,Sugarcane,2.12,9.28,2.12,90.4,25.612000000000002,35.35
2010,Allahabad,Sugarcane,2.17,12.65,2.17,126.92,26.778000000000002,34.971999999999994
2011,Allahabad,Sugarcane,2.17,12.16,2.17,79.78,25.708000000000006,33.848
2012,Allahabad,Sugarcane,2.81,17.16,2.05,204.16000000000003,25.862000000000002,34.986000000000004
2013,Allahabad,Sugarcane,2.16,14.77,1.96,232.42,25.595999999999997,33.708
2014,Allahabad,Sugarcane,2.14,14.08,1.36,116.72,25.988,34.942
2015,Allahabad,Sugarcane,1.42,9.5,1.15,86.53999999999999,25.988,35.233999999999995
2016,Allahabad,Sugarcane,2.1,15.25,1.15,174.33999999999997,25.767,34.861
2017,Allahabad,Sugarcane,2.86,10.5,2.69,137.2,25.453,35.125
1990,Allahabad,Pearl Millet,47.49,61.88,0.13,150.94,25.088,33.272000000000006
1991,Allahabad,Pearl Millet,35.01,33.15,0.02,117.16,25.192,33.908
1992,Allahabad,Pearl Millet,35.79,47.83,0.01,110.92,25.369999999999997,34.126
1993,Allahabad,Pearl Millet,45.35,64.32,0.06,73.46000000000001,25.672000000000004,34.31
1994,Allahabad,Pearl Millet,51.34,38.49,0.06,129.7,25.094,33.836
1995,Allahabad,Pearl Millet,53.43,51.2,0.05,115.46,26.184000000000005,34.751999999999995
1996,Allahabad,Pearl Millet,51.7,48.07,0.06,120.31,25.7,33.788000000000004
1997,Allahabad,Pearl Millet,51.21,56.25,0.43,133.02,25.618000000000002,33.936
1998,Allahabad,Pearl Millet,50.92,51.19,0.14,246.04000000000002,26.284000000000002,34.622
1999,Allahabad,Pearl Millet,42.57,52.67,0.03,215.58,25.74,33.784000000000006
2000,Allahabad,Pearl Millet,46.17,29.42,0.34,59.080000000000005,25.796000000000003,34.05
2001,Allahabad,Pearl Millet,44.03,41.87,0.05,134.43,25.732,34.068000000000005
2002,Allahabad,Pearl Millet,46.04,42.96,0.02,121.06,26.189999999999998,34.728
2003,Allahabad,Pearl Millet,43.06,33.17,0.02,120.32,26.172000000000004,34.55200000000001
2004,Allahabad,Pearl Millet,36.58,40.95,0.02,135.54000000000002,25.734,34.11
2005,Allahabad,Pearl Millet,37.22,42.39,0.09,147.0,26.05,34.608000000000004
2006,Allahabad,Pearl Millet,38.99,38.23,0.34,137.4,25.798000000000002,34.084
2007,Allahabad,Pearl Millet,39.15,44.56,0.38,175.95999999999998,25.834000000000003,34.244
2008,Allahabad,Pearl Millet,38.76,42.38,0.56,236.64000000000001,25.184,33.374
2009,Allahabad,Pearl Millet,38.19,37.41,0.55,90.4,25.612000000000002,35.35
2010,Allahabad,Pearl Millet,39.24,38.52,0.69,126.92,26.778000000000002,34.971999999999994
2011,Allahabad,Pearl Millet,39.0,42.74,0.78,79.78,25.708000000000006,33.848
2012,Allahabad,Pearl Millet,35.3,34.72,0.66,204.16000000000003,25.862000000000002,34.986000000000004
2013,Allahabad,Pearl Millet,34.91,27.28,0.64,232.42,25.595999999999997,33.708
2014,Allahabad,Pearl Millet,36.98,28.36,0.67,116.72,25.988,34.942
2015,Allahabad,Pearl Millet,38.36,34.71,0.75,86.53999999999999,25.988,35.233999999999995
2016,Allahabad,Pearl Millet,37.12,35.78,0.79,174.33999999999997,25.767,34.861
2017,Allahabad,Pearl Millet,29.64,27.08,0.46,137.2,25.453,35.125
1990,Varanasi,Rice,167.97,357.45,130.28,194.56,25.372000000000003,33.482
1991,Varanasi,Rice,166.44,354.41,129.73,192.48,25.466,33.86
1992,Varanasi,Rice,163.46,329.67,138.98,121.75999999999999,25.368000000000002,34.162
1993,Varanasi,Rice,161.82,367.37,146.36,152.42,25.802,34.372
1994,Varanasi,Rice,158.22,412.08,137.85,187.32,25.182,34.267999999999994
1995,Varanasi,Rice,173.5,347.04,155.1,156.0,26.160000000000004,34.769999999999996
1996,Varanasi,Rice,175.43,484.93,152.32,145.67,25.665999999999997,33.833999999999996
1997,Varanasi,Rice,170.92,488.08,158.32,168.18,25.683999999999997,33.976
1998,Varanasi,Rice,178.72,456.09,168.7,248.76,26.534,34.687999999999995
1999,Varanasi,Rice,182.09,506.09,171.9,260.12,26.016,33.826
2000,Varanasi,Rice,180.8,401.6,173.1,39.22,25.977999999999998,34.148
2001,Varanasi,Rice,191.88,508.14,187.51,99.38,26.008,34.162
2002,Varanasi,Rice,189.43,437.09,188.45,111.46,26.338,34.652
2003,Varanasi,Rice,190.66,545.19,190.15,115.32,26.526,34.698
2004,Varanasi,Rice,162.75,216.21,185.46,101.78,25.982,34.174
2005,Varanasi,Rice,189.08,361.5,188.4,147.6,26.383999999999997,34.565999999999995
2006,Varanasi,Rice,199.5,437.29,199.4,138.8,25.986,34.28
2007,Varanasi,Rice,190.96,429.08,190.82,128.78,26.169999999999998,34.394
2008,Varanasi,Rice,196.63,476.53,196.5,233.26,25.508,33.412
2009,Varanasi,Rice,164.27,308.05,164.22,80.4,26.014,35.24400000000001
2010,Varanasi,Rice,184.99,454.49,184.98,50.64,27.076,34.862
2011,Varanasi,Rice,179.82,458.49,179.81,125.58,25.944,33.918
2012,Varanasi,Rice,174.38,465.76,189.89,136.28,26.088,34.952000000000005
2013,Varanasi,Rice,187.12,472.72,182.76,186.84000000000003,25.864000000000004,33.932
2014,Varanasi,Rice,174.44,467.59,191.4,156.06,26.014,34.786
2015,Varanasi,Rice,187.87,504.19,190.56,149.0,26.014,35.102000000000004
2016,Varanasi,Rice,196.4,526.55,190.71,230.85999999999999,25.767,34.671
2017,Varanasi,Rice,194.46,573.42,190.88,149.74,26.103,35.142
1990,Varanasi,Maize,8.26,4.03,0.02,194.56,25.372000000000003,33.482
1991,Varanasi,Maize,8.09,7.51,0.03,192.48,25.466,33.86
1992,Varanasi,Maize,6.87,12.44,0.09,121.75999999999999,25.368000000000002,34.162
1993,Varanasi,Maize,7.2,10.34,0.03,152.42,25.802,34.372
1994,Varanasi,Maize,6.66,9.58,0.07,187.32,25.182,34.267999999999994
1995,Varanasi,Maize,10.18,15.25,0.15,156.0,26.160000000000004,34.769999999999996
1996,Varanasi,Maize,11.13,10.37,0.1,145.67,25.665999999999997,33.833999999999996
1997,Varanasi,Maize,7.36,10.08,0.05,168.18,25.683999999999997,33.976
1998,Varanasi,Maize,7.19,4.77,0.04,248.76,26.534,34.687999999999995
1999,Varanasi,Maize,7.04,8.55,0.02,260.12,26.016,33.826
2000,Varanasi,Maize,7.13,9.56,0.03,39.22,25.977999999999998,34.148
2001,Varanasi,Maize,4.56,6.3,0.06,99.38,26.008,34.162
2002,Varanasi,Maize,3.8,5.12,0.01,111.46,26.338,34.652
2003,Varanasi,Maize,3.76,6.46,0.01,115.32,26.526,34.698
2004,Varanasi,Maize,2.83,4.23,0.04,101.78,25.982,34.174
2005,Varanasi,Maize,3.78,5.23,0.06,147.6,26.383999999999997,34.565999999999995
2006,Varanasi,Maize,3.72,4.52,0.04,138.8,25.986,34.28
2007,Varanasi,Maize,3.65,4.78,0.04,128.78,26.169999999999998,34.394
2008,Varanasi,Maize,3.69,4.48,0.03,233.26,25.508,33.412
2009,Varanasi,Maize,3.73,5.0,0.04,80.4,26.014,35.24400000000001
2010,Varanasi,Maize,3.72,5.09,0.05,50.64,27.076,34.862
2011,Varanasi,Maize,3.67,4.98,0.05,125.58,25.944,33.918
2012,Varanasi,Maize,3.74,6.08,0.05,136.28,26.088,34.952000000000005
2013,Varanasi,Maize,3.66,5.89,0.05,186.84000000000003,25.864000000000004,33.932
2014,Varanasi,Maize,3.43,5.26,0.05,156.06,26.014,34.786
2015,Varanasi,Maize,3.53,5.12,0.04,149.0,26.014,35.102000000000004
2016,Varanasi,Maize,3.7,5.93,0.04,230.85999999999999,25.767,34.671
2017,Varanasi,Maize,3.4,5.86,0.04,149.74,26.103,35.142
1990,Varanasi,Sugarcane,11.47,51.72,11.44,194.56,25.372000000000003,33.482
1991,Varanasi,Sugarcane,11.35,47.41,11.34,192.48,25.466,33.86
1992,Varanasi,Sugarcane,10.15,31.87,10.14,121.75999999999999,25.368000000000002,34.162
1993,Varanasi,Sugarcane,10.67,47.62,10.66,152.42,25.802,34.372
1994,Varanasi,Sugarcane,10.12,41.76,7.82,187.32,25.182,34.267999999999994
1995,Varanasi,Sugarcane,11.95,45.34,11.94,156.0,26.160000000000004,34.769999999999996
1996,Varanasi,Sugarcane,12.63,61.92,12.63,145.67,25.665999999999997,33.833999999999996
1997,Varanasi,Sugarcane,11.83,49.05,11.83,168.18,25.683999999999997,33.976
1998,Varanasi,Sugarcane,12.45,54.38,12.45,248.76,26.534,34.687999999999995
1999,Varanasi,Sugarcane,12.37,48.16,12.37,260.12,26.016,33.826
2000,Varanasi,Sugarcane,11.99,40.93,11.99,39.22,25.977999999999998,34.148
2001,Varanasi,Sugarcane,7.64,30.12,7.64,99.38,26.008,34.162
2002,Varanasi,Sugarcane,7.16,28.92,7.16,111.46,26.338,34.652
2003,Varanasi,Sugarcane,6.91,26.68,6.91,115.32,26.526,34.698
2004,Varanasi,Sugarcane,9.03,33.53,6.03,101.78,25.982,34.174
2005,Varanasi,Sugarcane,5.83,24.9,5.83,147.6,26.383999999999997,34.565999999999995
2006,Varanasi,Sugarcane,5.9,25.51,5.9,138.8,25.986,34.28
2007,Varanasi,Sugarcane,5.77,27.15,5.77,128.78,26.169999999999998,34.394
2008,Varanasi,Sugarcane,5.86,26.88,5.81,233.26,25.508,33.412
2009,Varanasi,Sugarcane,5.64,26.6,5.64,80.4,26.014,35.24400000000001
2010,Varanasi,Sugarcane,5.63,25.97,5.63,50.64,27.076,34.862
2011,Varanasi,Sugarcane,5.54,28.13,5.54,125.58,25.944,33.918
2012,Varanasi,Sugarcane,5.82,30.28,5.55,136.28,26.088,34.952000000000005
2013,Varanasi,Sugarcane,5.48,33.19,5.64,186.84000000000003,25.864000000000004,33.932
2014,Varanasi,Sugarcane,5.72,36.07,5.74,156.06,26.014,34.786
2015,Varanasi,Sugarcane,5.52,35.03,4.19,149.0,26.014,35.102000000000004
2016,Varanasi,Sugarcane,5.64,37.57,4.2,230.85999999999999,25.767,34.671
2017,Varanasi,Sugarcane,4.36,30.43,3.96,149.74,26.103,35.142
1990,Varanasi,Pearl Millet,17.53,25.41,0.05,194.56,25.372000000000003,33.482
1991,Varanasi,Pearl Millet,16.94,11.74,0.05,192.48,25.466,33.86
1992,Varanasi,Pearl Millet,16.9,27.11,0.01,121.75999999999999,25.368000000000002,34.162
1993,Varanasi,Pearl Millet,18.25,25.65,0.06,152.42,25.802,34.372
1994,Varanasi,Pearl Millet,17.31,20.13,0.01,187.32,25.182,34.267999999999994
1995,Varanasi,Pearl Millet,19.23,23.83,0.09,156.0,26.160000000000004,34.769999999999996
1996,Varanasi,Pearl Millet,18.48,17.93,0.27,145.67,25.665999999999997,33.833999999999996
1997,Varanasi,Pearl Millet,18.31,22.98,0.34,168.18,25.683999999999997,33.976
1998,Varanasi,Pearl Millet,18.4,22.96,0.24,248.76,26.534,34.687999999999995
1999,Varanasi,Pearl Millet,17.93,25.73,0.26,260.12,26.016,33.826
2000,Varanasi,Pearl Millet,18.41,19.1,0.23,39.22,25.977999999999998,34.148
2001,Varanasi,Pearl Millet,16.79,22.45,0.22,99.38,26.008,34.162
2002,Varanasi,Pearl Millet,17.14,25.92,0.19,111.46,26.338,34.652
2003,Varanasi,Pearl Millet,16.57,17.02,0.26,115.32,26.526,34.698
2004,Varanasi,Pearl Millet,10.31,10.99,0.07,101.78,25.982,34.174
2005,Varanasi,Pearl Millet,18.24,21.22,0.22,147.6,26.383999999999997,34.565999999999995
2006,Varanasi,Pearl Millet,18.06,21.97,0.23,138.8,25.986,34.28
2007,Varanasi,Pearl Millet,17.77,18.98,0.2,128.78,26.169999999999998,34.394
2008,Varanasi,Pearl Millet,16.97,17.42,0.18,233.26,25.508,33.412
2009,Varanasi,Pearl Millet,18.99,20.22,0.24,80.4,26.014,35.24400000000001
2010,Varanasi,Pearl Millet,18.78,21.62,0.27,50.64,27.076,34.862
2011,Varanasi,Pearl Millet,18.86,29.1,0.28,125.58,25.944,33.918
2012,Varanasi,Pearl Millet,18.83,23.18,0.27,136.28,26.088,34.952000000000005
2013,Varanasi,Pearl Millet,19.17,22.64,0.15,186.84000000000003,25.864000000000004,33.932
2014,Varanasi,Pearl Millet,23.91,31.1,0.18,156.06,26.014,34.786
2015,Varanasi,Pearl Millet,19.53,20.84,0.03,149.0,26.014,35.102000000000004
2016,Varanasi,Pearl Millet,19.98,18.21,0.03,230.85999999999999,25.767,34.671
2017,Varanasi,Pearl Millet,18.95,22.31,0.19,149.74,26.103,35.142
1990,Lucknow,Rice,55.33,93.53,46.96,152.14,24.732,32.942
1991,Lucknow,Rice,52.18,69.29,43.66,153.08,24.712,33.646
1992,Lucknow,Rice,55.17,87.86,49.47,120.88000000000002,24.708000000000002,33.465999999999994
1993,Lucknow,Rice,53.55,82.57,49.12,93.58,25.216,33.70399999999999
1994,Lucknow,Rice,53.91,61.18,51.28,145.12,24.838,33.352
1995,Lucknow,Rice,51.01,95.88,48.87,130.27999999999997,25.774,34.2
1996,Lucknow,Rice,52.82,89.83,49.86,132.51,25.478,33.386
1997,Lucknow,Rice,53.9,91.91,51.15,134.3,25.002,33.058
1998,Lucknow,Rice,55.26,91.07,53.21,138.16,25.810000000000002,33.716
1999,Lucknow,Rice,55.49,94.58,54.02,152.52,25.378000000000004,33.442
2000,Lucknow,Rice,51.54,65.35,51.15,39.559999999999995,25.482000000000003,33.650000000000006
2001,Lucknow,Rice,52.46,90.26,52.23,126.56,25.633999999999997,33.757999999999996
2002,Lucknow,Rice,40.76,74.3,40.62,45.84,25.913999999999998,33.958000000000006
2003,Lucknow,Rice,48.4,102.43,48.01,120.34,25.721999999999998,34.07
2004,Lucknow,Rice,42.18,78.45,52.52,134.78,25.314,33.742000000000004
2005,Lucknow,Rice,48.83,93.96,48.59,119.0,25.71,34.153999999999996
2006,Lucknow,Rice,51.76,99.54,51.68,168.2,25.695999999999998,33.565999999999995
2007,Lucknow,Rice,51.39,94.06,51.38,131.2,25.7,34.001999999999995
2008,Lucknow,Rice,52.48,111.68,52.42,274.46,25.12,33.012
2009,Lucknow,Rice,48.19,106.3,48.16,158.95999999999998,25.455999999999996,34.552
2010,Lucknow,Rice,51.54,98.59,51.51,71.62,26.432,34.206
2011,Lucknow,Rice,51.58,103.6,51.4,122.82000000000001,25.548,33.263999999999996
2012,Lucknow,Rice,51.14,104.83,52.0,138.83999999999997,25.896000000000004,34.251999999999995
2013,Lucknow,Rice,52.16,105.67,53.4,144.98,25.610000000000003,33.1
2014,Lucknow,Rice,54.13,125.84,52.37,113.32000000000001,26.024,34.232
2015,Lucknow,Rice,52.94,107.27,54.38,67.48,26.024,34.001999999999995
2016,Lucknow,Rice,63.8,124.29,54.5,127.30000000000003,25.497,33.923
2017,Lucknow,Rice,51.62,139.73,51.87,131.74,25.982,34.129
1990,Lucknow,Maize,4.66,3.79,0.32,152.14,24.732,32.942
1991,Lucknow,Maize,4.03,1.1,0.25,153.08,24.712,33.646
1992,Lucknow,Maize,4.17,3.94,0.37,120.88000000000002,24.708000000000002,33.465999999999994
1993,Lucknow,Maize,4.11,4.85,0.41,93.58,25.216,33.70399999999999
1994,Lucknow,Maize,3.95,3.06,0.09,145.12,24.838,33.352
1995,Lucknow,Maize,4.39,4.89,0.26,130.27999999999997,25.774,34.2
1996,Lucknow,Maize,4.59,4.12,0.21,132.51,25.478,33.386
1997,Lucknow,Maize,4.39,4.19,0.16,134.3,25.002,33.058
1998,Lucknow,Maize,3.76,1.2,0.14,138.16,25.810000000000002,33.716
1999,Lucknow,Maize,3.73,3.65,0.16,152.52,25.378000000000004,33.442
2000,Lucknow,Maize,3.13,2.65,0.19,39.559999999999995,25.482000000000003,33.650000000000006
2001,Lucknow,Maize,3.18,2.64,0.18,126.56,25.633999999999997,33.757999999999996
2002,Lucknow,Maize,2.66,1.41,0.18,45.84,25.913999999999998,33.958000000000006
2003,Lucknow,Maize,2.72,2.21,0.04,120.34,25.721999999999998,34.07
2004,Lucknow,Maize,1.79,2.23,0.2,134.78,25.314,33.742000000000004
2005,Lucknow,Maize,2.93,2.91,0.2,119.0,25.71,34.153999999999996
2006,Lucknow,Maize,2.37,2.6,0.18,168.2,25.695999999999998,33.565999999999995
2007,Lucknow,Maize,2.28,3.36,0.13,131.2,25.7,34.001999999999995
2008,Lucknow,Maize,1.58,1.91,0.12,274.46,25.12,33.012
2009,Lucknow,Maize,1.54,1.94,0.13,158.95999999999998,25.455999999999996,34.552
2010,Lucknow,Maize,1.47,1.44,0.11,71.62,26.432,34.206
2011,Lucknow,Maize,1.54,1.75,0.12,122.82000000000001,25.548,33.263999999999996
2012,Lucknow,Maize,1.44,2.15,0.11,138.83999999999997,25.896000000000004,34.251999999999995
2013,Lucknow,Maize,1.26,2.14,0.14,144.98,25.610000000000003,33.1
2014,Lucknow,Maize,1.58,1.35,0.14,113.32000000000001,26.024,34.232
2015,Lucknow,Maize,1.11,1.38,0.17,67.48,26.024,34.001999999999995
2016,Lucknow,Maize,2.9,4.66,0.16,127.30000000000003,25.497,33.923
2017,Lucknow,Maize,1.62,1.88,0.17,131.74,25.982,34.129
1990,Lucknow,Sugarcane,0.67,0.67,0.53,152.14,24.732,32.942
1991,Lucknow,Sugarcane,0.64,0.64,0.53,153.08,24.712,33.646
1992,Lucknow,Sugarcane,0.58,0.58,0.52,120.88000000000002,24.708000000000002,33.465999999999994
1993,Lucknow,Sugarcane,0.51,0.51,0.48,93.58,25.216,33.70399999999999
1994,Lucknow,Sugarcane,0.59,0.59,0.51,145.12,24.838,33.352
1995,Lucknow,Sugarcane,0.53,0.53,0.44,130.27999999999997,25.774,34.2
1996,Lucknow,Sugarcane,0.56,0.56,0.41,132.51,25.478,33.386
1997,Lucknow,Sugarcane,0.52,0.52,0.38,134.3,25.002,33.058
1998,Lucknow,Sugarcane,0.52,0.52,0.4,138.16,25.810000000000002,33.716
1999,Lucknow,Sugarcane,0.39,0.39,0.28,152.52,25.378000000000004,33.442
2000,Lucknow,Sugarcane,0.49,0.49,0.37,39.559999999999995,25.482000000000003,33.650000000000006
2001,Lucknow,Sugarcane,0.54,0.54,0.44,126.56,25.633999999999997,33.757999999999996
2002,Lucknow,Sugarcane,0.43,0.43,0.34,45.84,25.913999999999998,33.958000000000006
2003,Lucknow,Sugarcane,0.43,0.43,0.38,120.34,25.721999999999998,34.07
2004,Lucknow,Sugarcane,0.42,0.42,0.36,134.78,25.314,33.742000000000004
2005,Lucknow,Sugarcane,0.46,0.46,0.4,119.0,25.71,34.153999999999996
2006,Lucknow,Sugarcane,0.55,0.55,0.54,168.2,25.695999999999998,33.565999999999995
2007,Lucknow,Sugarcane,0.47,0.47,0.42,131.2,25.7,34.001999999999995
2008,Lucknow,Sugarcane,0.36,0.36,0.35,274.46,25.12,33.012
2009,Lucknow,Sugarcane,0.2,0.2,0.2,158.95999999999998,25.455999999999996,34.552
2010,Lucknow,Sugarcane,0.14,0.14,0.14,71.62,26.432,34.206
2011,Lucknow,Sugarcane,0.24,0.24,0.21,122.82000000000001,25.548,33.263999999999996
2012,Lucknow,Sugarcane,0.26,0.26,0.2,138.83999999999997,25.896000000000004,34.251999999999995
2013,Lucknow,Sugarcane,0.2,0.2,0.2,144.98,25.610000000000003,33.1
2014,Lucknow,Sugarcane,0.2,0.2,0.18,113.32000000000001,26.024,34.232
2015,Lucknow,Sugarcane,0.2,0.2,0.13,67.48,26.024,34.001999999999995
2016,Lucknow,Sugarcane,0.22,0.22,0.12,127.30000000000003,25.497,33.923
2017,Lucknow,Sugarcane,0.27,0.27,0.16,131.74,25.982,34.129
1990,Lucknow,Pearl Millet,2.15,1.3,0.01,152.14,24.732,32.942
1991,Lucknow,Pearl Millet,2.35,1.25,0.24,153.08,24.712,33.646
1992,Lucknow,Pearl Millet,1.99,1.55,0.02,120.88000000000002,24.708000000000002,33.465999999999994
1993,Lucknow,Pearl Millet,1.93,1.89,0.01,93.58,25.216,33.70399999999999
1994,Lucknow,Pearl Millet,1.96,1.87,0.02,145.12,24.838,33.352
1995,Lucknow,Pearl Millet,1.97,1.92,0.01,130.27999999999997,25.774,34.2
1996,Lucknow,Pearl Millet,2.22,2.09,0.02,132.51,25.478,33.386
1997,Lucknow,Pearl Millet,2.13,2.35,0.03,134.3,25.002,33.058
1998,Lucknow,Pearl Millet,1.83,0.92,0.13,138.16,25.810000000000002,33.716
1999,Lucknow,Pearl Millet,1.87,2.03,0.09,152.52,25.378000000000004,33.442
2000,Lucknow,Pearl Millet,1.57,1.23,0.07,39.559999999999995,25.482000000000003,33.650000000000006
2001,Lucknow,Pearl Millet,1.56,1.29,0.09,126.56,25.633999999999997,33.757999999999996
2002,Lucknow,Pearl Millet,1.44,1.05,0.03,45.84,25.913999999999998,33.958000000000006
2003,Lucknow,Pearl Millet,1.71,1.36,0.14,120.34,25.721999999999998,34.07
2004,Lucknow,Pearl Millet,1.47,1.57,0.01,134.78,25.314,33.742000000000004
2005,Lucknow,Pearl Millet,1.51,1.12,0.12,119.0,25.71,34.153999999999996
2006,Lucknow,Pearl Millet,1.34,1.62,0.15,168.2,25.695999999999998,33.565999999999995
2007,Lucknow,Pearl Millet,1.36,1.3,0.07,131.2,25.7,34.001999999999995
2008,Lucknow,Pearl Millet,0.82,0.87,0.09,274.46,25.12,33.012
2009,Lucknow,Pearl Millet,0.91,0.78,0.04,158.95999999999998,25.455999999999996,34.552
2010,Lucknow,Pearl Millet,0.91,1.02,0.03,71.62,26.432,34.206
2011,Lucknow,Pearl Millet,0.9,0.97,0.02,122.82000000000001,25.548,33.263999999999996
2012,Lucknow,Pearl Millet,0.81,0.7,0.01,138.83999999999997,25.896000000000004,34.251999999999995
2013,Lucknow,Pearl Millet,0.79,0.63,0.08,144.98,25.610000000000003,33.1
2014,Lucknow,Pearl Millet,0.63,0.67,0.09,113.32000000000001,26.024,34.232
2015,Lucknow,Pearl Millet,0.55,0.64,0.19,67.48,26.024,34.001999999999995
2016,Lucknow,Pearl Millet,0.87,1.24,0.24,127.30000000000003,25.497,33.923
2017,Lucknow,Pearl Millet,0.8,0.9,0.08,131.74,25.982,34.129
